Architektura,T,Schedule,Ratio,Mean_MSE,Median_MSE,Mean_L2,Mean_Wasserstein,Mean_Pearson,Mean_Inference_Time
Conv1D_C128_1e-3,80,linear,0.35,0.0003065955658336558,0.0003678519006158846,3.0379295,0.009312977284755521,0.0,0.00399116309483846
Conv1D_C128_5e-4,80,linear,0.35,0.00031401737855776444,0.0003838917960820254,3.0972927,0.00938596947177105,0.0,0.0032324093182881674
UNet_C64_1e-4,80,linear,0.35,0.0003195055556304093,0.0003953545786256048,3.1389112,0.009459144735663321,0.0,0.0026073611577351894
UNet_C256_5e-4,80,linear,0.35,0.00030741955416548685,0.0004000758908174855,3.0445473,0.009419019093277334,0.0,0.004336137453715007
UNet_C128_5e-4,80,linear,0.35,0.0003234146192165402,0.0004092939211598908,3.1175208,0.009586912543267007,0.0,0.0029982175827026366
Conv1D_C32_5e-4,80,linear,0.35,0.00042467582989290045,0.0004249485954884827,3.6118894,0.010333973224543264,0.0,0.004020287195841471
Conv1D_C128_5e-4,100,linear,0.35,0.00035080757535858236,0.0004312328532008299,3.2130203,0.009841733629719976,0.0,0.004953345775604248
Conv1D_C128_1e-3,100,linear,0.35,0.000342468247419068,0.0004442615787896405,3.1963458,0.009610852465086705,0.0,0.003918020248413086
UNet_C256_5e-4,100,linear,0.35,0.00035026486887121183,0.00044968077279918363,3.201027,0.00975031720905816,0.0,0.00826647392908732
UNet_C128_5e-4,100,linear,0.35,0.0003763818886921702,0.0004690544572804356,3.2888246,0.009956723603254019,0.0,0.0049377401669820145
Conv1D_C32_5e-4,100,linear,0.35,0.0005045959037330856,0.00047156403993236986,3.7597115,0.0107071865204991,0.0,0.004884804884592692
UNet_C64_1e-4,100,linear,0.35,0.000377854726696872,0.00048720644253383706,3.2872376,0.009994684657493246,0.0,0.004778268814086914
Conv1D_C128_5e-4,120,linear,0.35,0.00041557351307710633,0.0005224929788043179,3.3893008,0.01022322066016337,0.0,0.005429754416147868
UNet_C128_5e-4,120,linear,0.35,0.00039530825209173294,0.0005282943138930326,3.3612301,0.010165136311332732,0.0,0.00386193577448527
UNet_C256_5e-4,120,linear,0.35,0.0004006925874370305,0.0005305523017644494,3.3629346,0.01030479672027787,0.0,0.013837110996246339
UNet_C64_1e-4,120,linear,0.35,0.0004246344053002152,0.0005362779008767878,3.3948143,0.010264792611002844,0.0,0.004966359456380208
Conv1D_C128_1e-3,120,linear,0.35,0.00041982030318467875,0.000545732893612391,3.4277077,0.01033272715615681,0.0,0.0052975222269694006
Conv1D_C32_5e-4,120,linear,0.35,0.0005813710868460475,0.000551196607896903,3.9600768,0.01102227494216398,0.0,0.0053263610204060865
Conv1D_C128_5e-4,120,cosine,0.35,0.0012730033016802433,0.0013762092281831427,6.378452,0.01640753238540417,0.0,0.005068260828653972
UNet_C256_5e-4,120,cosine,0.35,0.0011325000174498806,0.0013828724061022515,6.0308294,0.016104740944963322,0.0,0.010168719291687011
UNet_C128_5e-4,120,cosine,0.35,0.0011445906495597834,0.001384526294423267,6.0514827,0.01626687291850264,0.0,0.00496673329671224
Conv1D_C128_1e-3,120,cosine,0.35,0.0011960563752412175,0.001413534714471704,6.2005763,0.016327545457796196,0.0,0.0049345277150472005
Conv1D_C32_5e-4,120,cosine,0.35,0.001616764542743719,0.0014819170071859846,6.987834,0.017122993274528053,0.0,0.005234031677246094
UNet_C64_1e-4,120,cosine,0.35,0.0012285986090040143,0.0014927465071862874,6.3244133,0.01627392273607203,0.0,0.005092494646708171
Conv1D_C128_5e-4,100,cosine,0.35,0.0014048527699196713,0.0015768309063666191,6.8415794,0.017374936615291558,0.0,0.004024676640828451
UNet_C128_5e-4,100,cosine,0.35,0.0013270410791349908,0.001604598730142849,6.596236,0.01722654005464366,0.0,0.004250503381093344
UNet_C64_1e-4,100,cosine,0.35,0.0014514862994741027,0.0016233525836529831,6.9164877,0.017467883722448552,0.0,0.00444686492284139
UNet_C256_5e-4,100,cosine,0.35,0.001330160922370851,0.0016480743149683498,6.5892167,0.017244947331199755,0.0,0.011085459391276042
Conv1D_C128_1e-3,100,cosine,0.35,0.0013496384085544075,0.001657049839074413,6.699135,0.017353892674641387,0.0,0.0048856096267700195
Conv1D_C32_5e-4,100,cosine,0.35,0.0018037925374228506,0.0017328904708847404,7.470903,0.018480607033932873,0.0,0.004628150622049967
Conv1D_C128_1e-3,80,cosine,0.35,0.0015362309219005207,0.0017468467954313382,7.319188,0.018382500287970713,0.0,0.00218757692972819
UNet_C256_5e-4,80,cosine,0.35,0.0015799014646521148,0.0017559385404456408,7.3569593,0.018692294763605333,0.0,0.00500037431716919
Conv1D_C128_5e-4,80,cosine,0.35,0.001655227968702093,0.0018034126615384593,7.4883866,0.01904145071645682,0.0,0.0026710588137308757
UNet_C128_5e-4,80,cosine,0.35,0.0015905440244823696,0.0018503263390933474,7.337181,0.01873116046664237,0.0,0.003052623748779297
UNet_C64_1e-4,80,cosine,0.35,0.001723652288899757,0.001898124670260586,7.6842537,0.019221884185304662,0.0,0.002944767634073893
Conv1D_C32_5e-4,80,cosine,0.35,0.0021699458451864,0.002062640989703747,8.396431,0.02008909479499816,0.0,0.0033399937947591147
MLP_C256_1e-3,80,linear,0.35,0.007538583024715384,0.006949483714997768,16.480566,0.039733018885274,0.0,0.0002075535456339518
MLP_C256_5e-4,80,linear,0.35,0.009364351992495358,0.008323687150453528,18.36684,0.04484045801219702,0.0,0.00019096628824869793
MLP_C256_1e-3,100,linear,0.35,0.00996843464866591,0.009114205155832073,18.155998,0.04543444969187506,0.0,0.0011245346069335938
MLP_C256_5e-4,100,linear,0.35,0.012007764350312452,0.010847894155109922,20.798061,0.04962186263589937,0.0,0.001212324301401774
MLP_C256_1e-4,80,linear,0.35,0.013439186853667101,0.012461788694684704,21.898188,0.05262345340476595,0.0,0.00019410069783528647
MLP_C256_1e-3,120,linear,0.35,0.015513569839919606,0.014390930688629545,23.800877,0.0568936671633141,0.0,0.0014280068079630533
MLP_C256_1e-4,100,linear,0.35,0.01621011316900452,0.014825537940487264,24.216753,0.05731986384808563,0.0,0.0012135376930236816
MLP_C256_5e-4,120,linear,0.35,0.017342675706992546,0.016059638339405262,25.20352,0.05994623637253884,0.0,0.0014376524289449054
MLP_C256_1e-4,120,linear,0.35,0.020651628540207943,0.019923991700634358,27.560934,0.06436338920617901,0.0,0.0014187563260396323
MLP_C256_1e-3,80,cosine,0.35,0.020847347772059342,0.020123026004681983,27.794367,0.06256150424887294,0.0,0.00019562768936157225
MLP_C256_1e-3,100,cosine,0.35,0.022266121592683097,0.020513857904200752,27.137756,0.06647966246591742,0.0,0.0010821646054585774
MLP_C256_5e-4,100,cosine,0.35,0.029408715003480513,0.027417086275915305,32.55877,0.07577482607720572,0.0,0.0011673725446065268
MLP_C256_5e-4,80,cosine,0.35,0.029421341756358743,0.027609662053485712,32.7262,0.07634225112931688,0.0,0.00020120445887247723
MLP_C256_1e-3,120,cosine,0.35,0.03184555379394442,0.03089999531706174,33.100254,0.07955852015998362,0.0,0.001340423901875814
MLP_C32_1e-4,80,linear,0.35,0.031328294869512316,0.031305947608004016,34.80839,0.07727133771224234,0.0,0.00046394650141398116
MLP_C256_5e-4,120,cosine,0.35,0.036025541012485826,0.034367269085099295,36.573685,0.08537206875508958,0.0,0.001410841464996338
MLP_C256_1e-4,80,cosine,0.35,0.0389087744615972,0.036289125718176364,37.79053,0.0879446007202901,0.0,0.00018477121988932292
MLP_C256_1e-4,100,cosine,0.35,0.0395711379237473,0.036788163135449095,38.117577,0.08876711063993298,0.0,0.001159730593363444
MLP_C32_1e-4,100,linear,0.35,0.038776857394725084,0.038691399861127136,38.680103,0.08613939147319843,0.0,0.00033130534489949547
MLP_C256_1e-4,120,cosine,0.35,0.04294104989245534,0.04086815804243088,40.388084,0.09318316772850188,0.0,0.0014585588773091635
MLP_C32_1e-4,120,linear,0.35,0.04586964421843489,0.04600001621370514,42.110016,0.09445495415093497,0.0,0.0003971215883890788
MLP_C32_1e-4,120,cosine,0.35,0.10131126434604328,0.10085703405241173,62.535606,0.1452929290850121,0.0,0.00035675589243570964
MLP_C32_1e-4,100,cosine,0.35,0.10217803400754928,0.10176593152185281,62.814404,0.1447152891173052,0.0,0.00022277927398681643
MLP_C32_1e-4,80,cosine,0.35,0.1065842510263125,0.10631451701124509,64.205055,0.1495364937569234,0.0,0.0002800337473551432
