Architektura,T,Schedule,Ratio,Mean_MSE,Median_MSE,Mean_L2,Mean_Wasserstein,Mean_Pearson,Mean_Time
UNet_C128_5e-4,120,linear,0.39999999999999997,0.00010035812454589178,0.00010035812454589178,5.805635,0.004436538059380837,1.0,0.006193612416585286
UNet_C64_1e-4,100,linear,0.5833333333333333,0.00010072632050044679,0.00010072632050044679,5.8101482,0.0045181927804515,1.0,0.011162729263305665
UNet_C128_5e-4,100,linear,0.6999999999999998,0.00010164564480267776,0.00010164564480267776,5.860504,0.00435649923364205,1.0,0.009411975542704263
Conv1D_C128_1e-3,120,linear,0.45,0.0001061441045991766,0.0001061441045991766,5.991806,0.0045330439694710855,1.0,0.008913528124491372
Conv1D_C128_1e-3,80,linear,0.4666666666666666,0.00010627688655707363,0.00010627688655707363,5.9720592,0.004570208379251805,1.0,0.00451304276784261
UNet_C256_5e-4,100,linear,0.6333333333333333,0.00010666707591250694,0.00010666707591250694,6.000274,0.004515880700152289,1.0,0.020939122835795087
Conv1D_C128_5e-4,120,linear,0.25,0.00010691861190328685,0.00010691861190328685,6.014277,0.004533099642915961,1.0,0.006185587247212729
UNet_C256_5e-4,120,linear,0.5833333333333334,0.00010739765605345989,0.00010739765605345989,6.0188746,0.004426885365974158,1.0,0.02970858732859294
UNet_C64_1e-4,120,linear,0.5833333333333333,0.00010741927872004453,0.00010741927872004453,3.4365573,0.005485296236438444,1.0,0.00930569330851237
UNet_C128_5e-4,80,linear,0.6999999999999998,0.00011248599066069194,0.00011248599066069194,3.5474722,0.005443095655245997,1.0,0.0035692755381266277
UNet_C256_5e-4,80,linear,0.6999999999999998,0.00011553201974796442,0.00011553201974796442,3.5072744,0.005701758250021763,1.0,0.012431739966074627
UNet_C64_1e-4,80,linear,0.3499999999999999,0.00011674006789689883,0.00011674006789689883,6.2427583,0.00484830709581729,1.0,0.003515218098958334
UNet_C64_1e-4,80,linear,0.6999999999999998,0.00011697779370782276,0.00011697779370782276,1.1912216,0.006297183974481109,1.0,0.002183367411295573
Conv1D_C128_5e-4,100,linear,0.39999999999999997,0.0001183091467343426,0.0001183091467343426,6.2897067,0.00507658637407682,1.0,0.008374959627787273
Conv1D_C128_5e-4,80,linear,0.6999999999999998,0.00012027945956409288,0.00012027945956409288,1.2158793,0.006504181007579366,1.0,0.0024489895502726234
Conv1D_C128_5e-4,80,linear,0.3499999999999999,0.00012127167873889751,0.00012127167873889751,3.7386796,0.006840623651611774,1.0,0.00504468282063802
Conv1D_C32_5e-4,100,linear,0.5166666666666666,0.0001247623267408926,0.0001247623267408926,1.2390695,0.006509389666850135,1.0,0.00695010979970296
Conv1D_C32_5e-4,80,linear,0.6999999999999998,0.00012777585759370897,0.00012777585759370897,1.2486764,0.006549157634023382,1.0,0.008996254603068033
Conv1D_C128_1e-3,80,linear,0.6333333333333333,0.00012925033307207437,0.00012925033307207437,1.2597182,0.006590999193552611,1.0,0.007462612787882486
Conv1D_C128_1e-3,100,linear,0.3499999999999999,0.00013027170027877827,0.00013027170027877827,3.724572,0.007070396652028042,1.0,0.005546493530273438
UNet_C64_1e-4,100,linear,0.5166666666666666,0.00013077752635581418,0.00013077752635581418,1.2680098,0.006500005776882366,1.0,0.006419963836669922
Conv1D_C128_1e-3,100,linear,0.3,0.00013122127629079235,0.00013122127629079235,1.130288,0.00901778884852926,1.0,0.0053657563527425125
Conv1D_C128_1e-3,80,linear,0.35000000000000003,0.0001312363969918806,0.0001312363969918806,1.1380862,0.009098553710306684,1.0,0.009559725125630697
Conv1D_C128_1e-3,100,linear,0.5166666666666666,0.000131764970428776,0.000131764970428776,1.2706727,0.006614125407783528,1.0,0.007236250241597494
Conv1D_C128_5e-4,80,linear,0.35000000000000003,0.00013333182141650468,0.00013333182141650468,1.145597,0.009142069959392152,1.0,0.00639433224995931
UNet_C128_5e-4,100,linear,0.25,0.00013363019284345985,0.00013363019284345985,1.1402899,0.00910369557949404,1.0,0.0035080416997273767
Conv1D_C128_1e-3,120,linear,0.25,0.00013416562360362151,0.00013416562360362151,1.1502589,0.009217078601941465,1.0,0.0037573591868082686
UNet_C256_5e-4,100,linear,0.5666666666666667,0.00013435753028412972,0.00013435753028412972,1.2808089,0.006955623741038533,1.0,0.017688252131144208
UNet_C64_1e-4,80,linear,0.25,0.00013466821527496602,0.00013466821527496602,1.148868,0.009065853528057536,1.0,0.0021213086446126308
Conv1D_C128_5e-4,100,linear,0.5166666666666666,0.0001356710633748056,0.0001356710633748056,1.2877389,0.007279561625112668,1.0,0.009273319244384766
Conv1D_C32_5e-4,100,linear,0.25,0.00013676299146027306,0.00013676299146027306,6.7622952,0.006248230893276437,1.0,0.005150642395019531
UNet_C256_5e-4,100,linear,0.3499999999999999,0.0001373189342605959,0.0001373189342605959,1.158601,0.009207444437779485,1.0,0.009891123771667478
UNet_C256_5e-4,120,linear,0.3499999999999999,0.00013867032520162564,0.00013867032520162564,1.1665806,0.009225391127790014,1.0,0.02968701521555583
Conv1D_C32_5e-4,80,linear,0.35000000000000003,0.00013955170744641993,0.00013955170744641993,1.170899,0.009361844854429363,1.0,0.005003450711568196
UNet_C128_5e-4,120,linear,0.5166666666666666,0.00013970499974675474,0.00013970499974675474,1.303499,0.007075348339700819,1.0,0.00873555342356364
UNet_C256_5e-4,120,linear,0.5166666666666666,0.00013987066233918692,0.00013987066233918692,1.3091941,0.007052305094036153,1.0,0.025949214299519855
UNet_C128_5e-4,80,linear,0.3499999999999999,0.00014077102285227737,0.00014077102285227737,1.1761289,0.009395716382811467,1.0,0.0047147226333618154
UNet_C256_5e-4,80,linear,0.25,0.00014102427691492871,0.00014102427691492871,1.1753315,0.009326862784413,1.0,0.00393292268117269
UNet_C64_1e-4,80,linear,0.3,0.00014134151625815625,0.00014134151625815625,1.1703864,0.009299330534413458,1.0,0.0042533397674560545
Conv1D_C32_5e-4,120,linear,0.25,0.00014302549407148034,0.00014302549407148034,1.1836808,0.009446447053924202,1.0,0.004944708347320557
Conv1D_C128_1e-3,80,linear,0.3499999999999999,0.0001449947376871326,0.0001449947376871326,1.1928481,0.009484798246994615,1.0,0.005585686365763346
UNet_C128_5e-4,120,linear,0.3,0.0001459408527201352,0.0001459408527201352,1.1926165,0.009305136514206726,1.0,0.0038471015294392896
Conv1D_C32_5e-4,80,linear,0.3499999999999999,0.00014667125331470742,0.00014667125331470742,1.1967889,0.009544928825149934,1.0,0.005834315617879231
Conv1D_C32_5e-4,100,linear,0.3,0.00014685353307868353,0.00014685353307868353,1.1976043,0.009564859714979928,1.0,0.0063397598266601565
UNet_C128_5e-4,100,linear,0.6333333333333333,0.00014781706428038888,0.00014781706428038888,1.3443108,0.007604910531348045,1.0,0.012138876914978025
UNet_C128_5e-4,80,linear,0.3,0.00014843356485168139,0.00014843356485168139,1.2049116,0.009569250931963326,1.0,0.0030111773808797204
Conv1D_C32_5e-4,120,linear,0.6333333333333333,0.0001503744476455419,0.0001503744476455419,1.3564368,0.007579877746723772,1.0,0.0155546236038208
UNet_C64_1e-4,120,linear,0.25,0.00015352134825661777,0.00015352134825661777,1.227653,0.009778775408243139,1.0,0.003986018498738607
Conv1D_C128_5e-4,120,linear,0.4666666666666666,0.00015443249823874792,0.00015443249823874792,1.3565949,0.007417135965438319,1.0,0.011696354548136395
Conv1D_C128_5e-4,100,linear,0.3499999999999999,0.00015454528324577646,0.00015454528324577646,1.23293,0.009891265047093234,1.0,0.00690971851348877
UNet_C64_1e-4,100,linear,0.3,0.00015504263545153662,0.00015504263545153662,1.2350812,0.009723859817410509,1.0,0.004483954111735027
UNet_C64_1e-4,100,linear,0.25,0.00015613181079970675,0.00015613181079970675,1.2305444,0.009670373794312279,1.0,0.0061184533437093095
Conv1D_C32_5e-4,80,linear,0.3,0.0001581448474219845,0.0001581448474219845,7.285455,0.0066594827916317935,1.0,0.005075726509094238
UNet_C128_5e-4,100,linear,0.3499999999999999,0.00016054303259200727,0.00016054303259200727,1.2390172,0.009878533578788241,1.0,0.004762830734252929
Conv1D_C128_1e-3,120,linear,0.5166666666666666,0.00018372743104312877,0.00018372743104312877,1.4755806,0.008386093236725477,1.0,0.013260434468587238
UNet_C128_5e-4,120,linear,0.25,0.00018621697701746596,0.00018621697701746596,1.343771,0.010664085475727914,1.0,0.004720368385314941
Conv1D_C128_1e-3,80,linear,0.20000000000000004,0.0004256995506713994,0.00042384077593548376,3.4694307,0.010564202219574916,1.0,0.00213176065021091
Conv1D_C128_5e-4,80,linear,0.20000000000000004,0.0004406698578532087,0.0004251120226156975,3.5223486,0.010755366074585907,1.0,0.0022319009568956163
UNet_C256_5e-4,80,linear,0.20000000000000004,0.0004268471580548471,0.0004328477777501879,3.513377,0.010688824810650636,1.0,0.0017720082071092395
UNet_C128_5e-4,80,linear,0.20000000000000004,0.0004533282705233433,0.0004576577263166352,3.616537,0.011002994467900547,1.0,0.0025196207894219295
UNet_C64_1e-4,80,linear,0.20000000000000004,0.00044755466052770823,0.0004635620374028803,3.6059797,0.010846795370643971,1.0,0.002333396275838216
Conv1D_C128_1e-3,100,linear,0.20000000000000004,0.00048352547115225914,0.0004655049493885599,3.685559,0.01105596951508303,1.0,0.0025808681382073297
Conv1D_C128_5e-4,100,linear,0.20000000000000004,0.00044279289431869984,0.0004717465398910766,3.331404,0.010881417607273862,1.0,0.003567922910054525
UNet_C128_5e-4,120,cosine,0.5833333333333333,0.0004922758124303073,0.0004922758124303073,12.900455,0.008715009656152689,1.0,0.009181785583496095
UNet_C256_5e-4,100,linear,0.20000000000000004,0.000497831035665715,0.000497301939491687,3.7353308,0.011269463128971967,1.0,0.0040425194634331595
UNet_C256_5e-4,120,cosine,0.6333333333333333,0.0005036968673812226,0.0005036968673812226,13.049957,0.009021421790142389,1.0,0.019111140569051107
Conv1D_C128_1e-3,120,cosine,0.5166666666666666,0.0005123739757497485,0.0005123739757497485,2.514343,0.012859293191577309,1.0,0.013692458470662435
UNet_C64_1e-4,100,linear,0.20000000000000004,0.0005393114956435359,0.0005145555320632411,3.8880985,0.011589069067645966,1.0,0.00326626459757487
Conv1D_C128_5e-4,120,linear,0.20000000000000004,0.00048679800257862854,0.0005311613109370228,3.315267,0.011285246374159928,1.0,0.0045519502957661944
UNet_C128_5e-4,100,linear,0.20000000000000004,0.0005366971587338615,0.0005376910698153855,3.8840206,0.011437266184877967,1.0,0.0032592794630262587
Conv1D_C32_5e-4,120,cosine,0.6999999999999998,0.00054136212876377,0.00054136212876377,2.5881684,0.01340753947251263,1.0,0.015586818059285483
UNet_C256_5e-4,120,linear,0.20000000000000004,0.0005172838901108619,0.0005436028598827155,3.5906708,0.011763340802139768,1.0,0.0075751847312563935
Conv1D_C32_5e-4,80,linear,0.20000000000000004,0.0006124357721920306,0.0005488901435455773,4.2028456,0.011870719690033027,1.0,0.002548854086134169
UNet_C64_1e-4,120,cosine,0.5166666666666666,0.000553101163241081,0.000553101163241081,2.6010878,0.013304866428055296,1.0,0.01206872304280599
Conv1D_C128_5e-4,120,cosine,0.6333333333333333,0.0005548540357267484,0.0005548540357267484,2.609254,0.013917611089855198,1.0,0.016267882982889812
UNet_C128_5e-4,120,linear,0.20000000000000004,0.0005634769278145136,0.0005605696774243067,3.9944632,0.011695042454051839,1.0,0.0025204536649915906
UNet_C256_5e-4,120,cosine,0.39999999999999997,0.0005760223556232328,0.0005760223556232328,2.6539297,0.013645899389266561,1.0,0.022694430351257327
UNet_C64_1e-4,120,linear,0.20000000000000004,0.0005539977353293493,0.0005793923619785346,3.6924822,0.011699794032701202,1.0,0.003866598492576962
Conv1D_C128_1e-3,120,linear,0.20000000000000004,0.0005391665532286944,0.0005803975950887738,3.6656327,0.01159872225049001,1.0,0.0038634143556867326
Conv1D_C32_5e-4,100,linear,0.20000000000000004,0.0007484544421620538,0.0006020644182960193,4.533424,0.012530754202484095,1.0,0.004011296166314019
UNet_C256_5e-4,100,cosine,0.6333333333333333,0.0006357609437933812,0.0006357609437933812,14.673583,0.009865035075248064,1.0,0.026601212819417314
UNet_C128_5e-4,120,cosine,0.6333333333333333,0.0006571822297216082,0.0006571822297216082,2.8246307,0.014887163033921146,1.0,0.013762048085530597
UNet_C128_5e-4,100,cosine,0.5166666666666666,0.000660898571756358,0.000660898571756358,8.880228,0.012305906672784962,1.0,0.008290025393168133
UNet_C256_5e-4,100,cosine,0.5666666666666667,0.0006679218555412566,0.0006679218555412566,2.8749912,0.014728209849102615,1.0,0.023589062690734863
Conv1D_C32_5e-4,100,cosine,0.6999999999999998,0.0006761726956271257,0.0006761726956271257,2.8857858,0.014911811866919986,1.0,0.013929478327433268
Conv1D_C128_5e-4,100,cosine,0.5166666666666666,0.0006838229779774944,0.0006838229779774944,2.9097328,0.014860638408960463,1.0,0.0075325298309326175
Conv1D_C128_1e-3,100,cosine,0.6999999999999998,0.0006928831548430026,0.0006928831548430026,2.923438,0.01499761884161368,1.0,0.014866231282552085
Conv1D_C32_5e-4,120,linear,0.20000000000000004,0.0007681836332388533,0.0007026460196357221,5.1252813,0.01196428250958109,1.0,0.003974224272228423
Conv1D_C128_1e-3,100,cosine,0.25,0.0007185163242199147,0.0007185163242199147,15.598991,0.010646043365947358,1.0,0.004019360542297364
UNet_C64_1e-4,100,cosine,0.6333333333333333,0.0007362092346496259,0.0007362092346496259,3.0116994,0.015203110621393233,1.0,0.009619099299112954
UNet_C64_1e-4,100,cosine,0.3666666666666667,0.0007431288758137575,0.0007431288758137575,15.830199,0.010690489134237093,1.0,0.007908666928609214
Conv1D_C128_5e-4,100,cosine,0.25,0.000746703741994376,0.000746703741994376,15.9011545,0.01100696392886069,1.0,0.0030840969085693362
Conv1D_C128_1e-3,80,cosine,0.6999999999999998,0.0008325134466091792,0.0008325134466091792,3.2118053,0.015947591211176282,1.0,0.006039072672526041
UNet_C256_5e-4,80,cosine,0.6999999999999998,0.0008770952495979144,0.0008770952495979144,3.282792,0.016747955254322735,1.0,0.016032627423604333
Conv1D_C128_5e-4,80,cosine,0.6999999999999998,0.0008976582550288488,0.0008976582550288488,3.3321266,0.017201698679467275,1.0,0.006559589703877769
UNet_C256_5e-4,80,cosine,0.5166666666666666,0.0009023029023470979,0.0009023029023470979,17.491632,0.011470037567293428,1.0,0.016005802154541015
UNet_C128_5e-4,80,cosine,0.6999999999999998,0.0009546409151516855,0.0009546409151516855,10.442783,0.014785262994482764,1.0,0.007354745070139568
Conv1D_C32_5e-4,80,cosine,0.6999999999999998,0.0009614377344648043,0.0009614377344648043,3.4419854,0.017393705115288566,1.0,0.011615587870279947
Conv1D_C128_1e-3,80,cosine,0.25,0.0009759204958875974,0.0009759204958875974,10.599176,0.018518684423785695,1.0,0.0033693607648213704
UNet_C64_1e-4,80,cosine,0.25,0.001045137585606426,0.001045137585606426,18.790281,0.012491755624990523,1.0,0.0034246079126993814
UNet_C64_1e-4,80,cosine,0.6999999999999998,0.0010719051328487693,0.0010719051328487693,3.627391,0.018167195007602763,1.0,0.011075599988301594
Conv1D_C128_5e-4,80,cosine,0.25,0.0011001842309876035,0.0011001842309876035,3.3008413,0.026376895786573488,1.0,0.00385121504465739
Conv1D_C128_5e-4,120,cosine,0.20000000000000004,0.0013527976645639648,0.0014108447057272619,6.797251,0.016684190307131832,1.0,0.0038238583670722115
Conv1D_C128_1e-3,120,cosine,0.20000000000000004,0.0012720210862958252,0.0014491217851173132,6.610158,0.016712906820709403,1.0,0.0039614242977566196
UNet_C128_5e-4,120,cosine,0.20000000000000004,0.00128705605668074,0.001452068689201648,5.5987177,0.017383319561869073,1.0,0.0033404374122619628
UNet_C256_5e-4,120,cosine,0.20000000000000004,0.0012806601189367939,0.001469588511584637,5.575551,0.017297511033778034,1.0,0.00748520274957021
UNet_C64_1e-4,120,cosine,0.20000000000000004,0.0013036538807554515,0.001537921181685912,6.738116,0.016603817881407225,1.0,0.004317358158252857
UNet_C128_5e-4,100,cosine,0.20000000000000004,0.001493576705979649,0.0016566156609527146,6.0252385,0.018456698400108336,1.0,0.0032406228780746463
UNet_C256_5e-4,100,cosine,0.20000000000000004,0.001499740803046734,0.0016830144436486684,6.0429487,0.01848202854845586,1.0,0.007583039800326029
Conv1D_C128_1e-3,100,cosine,0.20000000000000004,0.0015106230758101446,0.0016947353307235364,6.058615,0.018486908067356606,1.0,0.0037463130553563435
Conv1D_C32_5e-4,120,cosine,0.20000000000000004,0.0017362536998526022,0.0017025278982085487,7.4766855,0.01753582147475199,1.0,0.004083722079241718
Conv1D_C128_5e-4,100,cosine,0.20000000000000004,0.001577250122403105,0.0017592043885573125,6.2006135,0.018485220476886804,1.0,0.0037037674585978187
UNet_C64_1e-4,100,cosine,0.20000000000000004,0.0016294406105347055,0.0017850483862760788,6.290373,0.0185981546836069,1.0,0.0033676103750864663
Conv1D_C32_5e-4,100,cosine,0.20000000000000004,0.001929083630955709,0.0018168275081552564,7.98036,0.018877139830267637,1.0,0.003594669765896267
UNet_C256_5e-4,80,cosine,0.20000000000000004,0.001752452061822017,0.0019212692748988046,6.5993967,0.019838119351804642,1.0,0.002245664199193319
UNet_C128_5e-4,80,cosine,0.20000000000000004,0.0017495198018150405,0.0019306303473422305,6.56078,0.019717634834682272,1.0,0.001977093418439229
Conv1D_C128_1e-3,80,cosine,0.20000000000000004,0.0017968506829458334,0.001944896160857752,6.9688177,0.018691434688708493,1.0,0.0012997107278733026
UNet_C64_1e-4,80,cosine,0.20000000000000004,0.0018899350213177968,0.001973813693039119,6.8031077,0.020194986402556667,1.0,0.0018684335549672443
Conv1D_C128_5e-4,80,cosine,0.20000000000000004,0.0018193046501255594,0.001979895442297372,8.531363,0.01835448908731593,1.0,0.0020374729235967002
Conv1D_C32_5e-4,80,cosine,0.20000000000000004,0.0023042245241554657,0.00220707023399882,8.946925,0.020388582537188112,1.0,0.0024204833419234663
MLP_C256_1e-3,100,linear,0.5333333333333333,0.006699718419307222,0.006699718419307222,45.971466,0.03329292328458412,1.0,0.0008702437082926431
MLP_C256_1e-3,80,linear,0.20000000000000004,0.007538583024715384,0.006949483714997768,16.480566,0.039733018885274,1.0,0.0002075535456339518
MLP_C256_5e-4,80,linear,0.20000000000000004,0.009364351992495358,0.008323687150453528,18.36684,0.04484045801219702,1.0,0.00019096628824869793
MLP_C256_1e-3,100,linear,0.20000000000000004,0.010331625340816875,0.009151256217931707,15.065391,0.046783508181574056,1.0,0.0011527891512270328
MLP_C256_5e-4,100,linear,0.20000000000000004,0.012007764350312452,0.010847894155109922,20.798061,0.04962186263589937,1.0,0.001212324301401774
MLP_C256_1e-4,80,linear,0.20000000000000004,0.013439186853667101,0.012461788694684704,21.898188,0.05262345340476595,1.0,0.00019410069783528647
MLP_C256_1e-3,120,linear,0.20000000000000004,0.015513569839919606,0.014390930688629545,23.800877,0.0568936671633141,1.0,0.0014280068079630533
MLP_C256_1e-4,100,linear,0.20000000000000004,0.01621011316900452,0.014825537940487264,24.216753,0.05731986384808563,1.0,0.0012135376930236816
MLP_C256_1e-3,100,cosine,0.39999999999999997,0.015844015358015894,0.015844015358015894,70.20049,0.05803869765843047,1.0,0.0007652076085408528
MLP_C256_5e-4,120,linear,0.20000000000000004,0.017342675706992546,0.016059638339405262,25.20352,0.05994623637253884,1.0,0.0014376524289449054
MLP_C256_1e-4,120,linear,0.20000000000000004,0.020651628540207943,0.019923991700634358,27.560934,0.06436338920617901,1.0,0.0014187563260396323
MLP_C256_1e-3,80,cosine,0.20000000000000004,0.020847347772059342,0.020123026004681983,27.794367,0.06256150424887294,1.0,0.00019562768936157225
MLP_C256_1e-3,100,cosine,0.20000000000000004,0.02297968895209056,0.020590312785158552,22.353006,0.06741754744452708,1.0,0.001117382049560547
MLP_C256_1e-3,120,cosine,0.3,0.02137364030815661,0.02137364030815661,82.53847,0.07188804382445445,1.0,0.0008022896448771159
MLP_C256_5e-4,100,cosine,0.20000000000000004,0.029408715003480513,0.027417086275915305,32.55877,0.07577482607720572,1.0,0.0011673725446065268
MLP_C256_5e-4,80,cosine,0.20000000000000004,0.029421341756358743,0.027609662053485712,32.7262,0.07634225112931688,1.0,0.00020120445887247723
MLP_C256_1e-3,120,cosine,0.25,0.028928929790854454,0.028928929790854454,18.928417,0.09790326070865073,1.0,0.0010828574498494465
MLP_C32_1e-4,80,linear,0.20000000000000004,0.031328294869512316,0.031305947608004016,34.80839,0.07727133771224234,1.0,0.00046394650141398116
MLP_C256_1e-3,120,cosine,0.20000000000000004,0.03351912098005414,0.03133654888098439,28.691956,0.07822423713334137,1.0,0.001439886490503947
MLP_C256_5e-4,120,cosine,0.20000000000000004,0.036025541012485826,0.034367269085099295,36.573685,0.08537206875508958,1.0,0.001410841464996338
MLP_C256_1e-4,80,cosine,0.20000000000000004,0.0389087744615972,0.036289125718176364,37.79053,0.0879446007202901,1.0,0.00018477121988932292
MLP_C256_1e-4,100,cosine,0.20000000000000004,0.0395711379237473,0.036788163135449095,38.117577,0.08876711063993298,1.0,0.001159730593363444
MLP_C32_1e-4,100,linear,0.20000000000000004,0.038776857394725084,0.038691399861127136,38.680103,0.08613939147319843,1.0,0.00033130534489949547
MLP_C256_1e-4,120,cosine,0.20000000000000004,0.04294104989245534,0.04086815804243088,40.388084,0.09318316772850188,1.0,0.0014585588773091635
MLP_C32_1e-4,120,linear,0.20000000000000004,0.04586964421843489,0.04600001621370514,42.110016,0.09445495415093497,1.0,0.0003971215883890788
MLP_C32_1e-4,120,cosine,0.20000000000000004,0.10131126434604328,0.10085703405241173,62.535606,0.1452929290850121,1.0,0.00035675589243570964
MLP_C32_1e-4,100,cosine,0.20000000000000004,0.10217803400754928,0.10176593152185281,62.814404,0.1447152891173052,1.0,0.00022277927398681643
MLP_C32_1e-4,80,cosine,0.20000000000000004,0.1065842510263125,0.10631451701124509,64.205055,0.1495364937569234,1.0,0.0002800337473551432
