Funkcja,Architektura,Pojemność,LR,T,MSE,Odchylenie Std,Liczba parametrów,Stabilność (CV %)
Sine,UNet,C128,0.0005,80,0.03845399618148804,0.0016636816661186762,4153409,4.326420739906303
Sine,UNet,C256,0.0001,80,0.03917966658870379,0.0009067259602700014,16363585,2.3142768665913733
Sine,UNet,C256,0.0005,80,0.03928197671969732,0.0015741164236544938,16363585,4.007223045028634
Sine,UNet,C64,0.001,80,0.03957324723402659,0.0016728562038539037,1071169,4.227240170514786
Sine,UNet,C256,0.001,80,0.03960202013452848,0.0005282134949882004,16363585,1.3338044200620414
Sine,UNet,C256,0.0001,100,0.04020828753709793,0.00010183883371027475,16363585,0.25327821687584623
Sine,UNet,C256,0.0005,100,0.04024749000867208,0.00032341774047407523,16363585,0.8035724473858837
Sine,UNet,C64,0.0005,100,0.04029174024860064,0.000642928027017972,1071169,1.5956819513158194
Sine,UNet,C128,0.0005,100,0.04037797823548317,0.0009438139253458379,4153409,2.3374472090740728
Sine,UNet,C32,0.001,80,0.04037816449999809,0.0009720560100168941,285761,2.407380380098605
Sine,UNet,C64,0.0005,80,0.040489534536997475,0.000620566639139246,1071169,1.5326593556470764
Sine,UNet,C64,0.001,100,0.04066100095709165,0.0008706505450512741,1071169,2.141242282672888
Sine,UNet,C128,0.001,80,0.04112270722786585,0.003663893049338328,4153409,8.90965915506549
Sine,UNet,C128,0.001,100,0.04135549937685331,0.0007969191857096674,4153409,1.926996887276625
Sine,UNet,C128,0.0001,100,0.04144048566619555,0.0013549629516792759,4153409,3.269659922891701
Sine,UNet,C128,0.0001,80,0.04149831707278887,0.0016928973269793172,4153409,4.0794360986011595
Sine,UNet,C32,0.001,100,0.04263095806042353,0.0017706715911920553,285761,4.153487680671805
Sine,UNet,C256,0.001,100,0.04288956771294276,0.0005616218835135502,16363585,1.3094603500610007
Sine,UNet,C32,0.0005,100,0.043356217443943024,0.0005320152774208533,285761,1.227079548876045
Sine,UNet,C32,0.0005,80,0.04416307806968689,0.0015959245135578827,285761,3.6137076112303634
Sine,Conv1D,C128,0.0005,80,0.045272948841253914,0.0013486714848859349,698817,2.978978660336323
Sine,Conv1D,C128,0.001,80,0.0455395778020223,0.001496820902236076,698817,3.2868572228388246
Sine,Conv1D,C64,0.001,80,0.04635301480690638,0.0009392236251408742,204033,2.026240642714213
Sine,Conv1D,C64,0.001,100,0.04692992443839709,0.0007771190865480756,204033,1.655913781766614
Chirp,UNet,C128,0.0005,80,0.04705559959014257,0.002819182559521044,4153409,5.991173386539144
Sine,UNet,C64,0.0001,80,0.04710612818598747,0.0024896510993014415,1071169,5.285195780624634
Sine,Conv1D,C64,0.0005,80,0.04809629792968432,0.0014866497484834916,204033,3.0909858190269435
Sine,Conv1D,C64,0.0005,100,0.048137969026962914,0.001983239650574367,204033,4.119907197296836
Sine,UNet,C64,0.0001,100,0.04852823664744695,0.0011458481258455706,1071169,2.361198767987489
Sine,Conv1D,C128,0.0005,100,0.048898023863633476,0.0005618605697677427,698817,1.1490455551632437
Sine,Conv1D,C256,0.0005,80,0.04900216807921728,0.0012356975026512314,2573121,2.521720060740156
Sine,Conv1D,C128,0.001,100,0.04924331481258074,0.0051834157866517926,698817,10.526130920267631
Chirp,UNet,C128,0.001,80,0.049409174670775734,0.003622794986062257,4153409,7.3322313319373205
Chirp,UNet,C256,0.0001,80,0.04961784680684408,0.00274352737181633,16363585,5.529315656313202
Sine,Conv1D,C32,0.001,80,0.049843836575746536,0.0010119477618376316,67233,2.0302364973446574
Chirp,UNet,C256,0.0005,80,0.04987198611100515,0.004590876937441922,16363585,9.205322056401643
Sine,Conv1D,C256,0.001,100,0.049942935506502785,0.0032616658222295,2573121,6.5307851634087815
Sine,Conv1D,C256,0.001,80,0.049957474072774254,0.0012576151122305206,2573121,2.517371295431235
Chirp,UNet,C128,0.0005,100,0.05033009499311447,0.003980800034146987,4153409,7.909383113009402
Chirp,UNet,C64,0.0005,80,0.05036026984453201,0.0026186146600113342,1071169,5.199762964128868
Chirp,UNet,C256,0.0001,100,0.05055896813670794,0.00450404462879096,16363585,8.908497927830204
Chirp,UNet,C64,0.001,80,0.05058027555545171,0.0025853668755911113,1071169,5.111413188638613
Chirp,UNet,C128,0.001,100,0.05064753318826357,0.006387654857457971,4153409,12.611976251072713
Sine,Conv1D,C32,0.001,100,0.05069487541913986,0.0007038249636574325,67233,1.3883552486090207
Sine,Conv1D,C256,0.0005,100,0.05074266095956167,0.0008789772816927557,2573121,1.732225439247734
Chirp,UNet,C256,0.0005,100,0.05096037810047468,0.004541920777160877,16363585,8.912651252716216
Chirp,UNet,C256,0.001,80,0.05103832731644312,0.0031551169111249484,16363585,6.181857982066857
Chirp,UNet,C64,0.0005,100,0.05179224411646525,0.00326090130897417,1071169,6.2961189741872925
Chirp,UNet,C64,0.001,100,0.05223969121774038,0.004894444596315705,1071169,9.369206597939407
Chirp,UNet,C256,0.001,100,0.05281525477766991,0.005052544711107844,16363585,9.566449565332857
Chirp,Conv1D,C128,0.001,80,0.05294027427832285,0.0032608590644757724,698817,6.15950542177485
Chirp,UNet,C128,0.0001,80,0.05302705988287926,0.004263595361023277,4153409,8.040414404344252
Sine,Conv1D,C256,0.0001,80,0.053192704916000366,0.001696540457493792,2573121,3.1894231740478243
Chirp,Conv1D,C128,0.0005,80,0.05352501447002093,0.003147366526536418,698817,5.880178749506441
Chirp,Conv1D,C256,0.001,80,0.053788162767887115,0.0017624387123582022,2573121,3.2766293207739423
Chirp,UNet,C128,0.0001,100,0.05404034505287806,0.004893533980732028,4153409,9.05533444677998
Chirp,Conv1D,C256,0.0005,80,0.05453374236822128,0.0016434577702759165,2573121,3.0136530135397726
Chirp,Conv1D,C128,0.001,100,0.05492861196398735,0.0048246461002588465,698817,8.783484467843483
Chirp,UNet,C32,0.001,80,0.055038721611102424,0.0030010345021518788,285761,5.452587586166808
Chirp,Conv1D,C256,0.0005,100,0.05524312208096186,0.0036374443003129283,2573121,6.584429270637622
Sine,Conv1D,C256,0.0001,100,0.05529664953549703,0.0015359430926232705,2573121,2.777642236058606
Chirp,Conv1D,C256,0.001,100,0.05530050272742907,0.004480565676911197,2573121,8.102215090151132
Chirp,Conv1D,C64,0.001,80,0.055368018647034965,0.003247959057660263,204033,5.866128384267541
Chirp,Conv1D,C128,0.0005,100,0.05541722724835078,0.004450697254404184,698817,8.03125214918911
Sine,UNet,C32,0.0001,100,0.055614642798900604,0.0017943319350022433,285761,3.2263660156740483
Chirp,Conv1D,C64,0.001,100,0.05607476085424423,0.003288142264211176,204033,5.863854279749996
Chirp,UNet,C32,0.001,100,0.056461850802103676,0.004328395487914819,285761,7.666053142830292
Sine,Conv1D,C128,0.0001,80,0.05671820417046547,0.0011430556101406895,698817,2.015324051349119
Sine,UNet,C32,0.0001,80,0.05674147109190623,0.0021301803560657907,285761,3.75418598614664
Sine,Conv1D,C32,0.0005,100,0.057507303853829704,0.0016404690787250045,67233,2.8526273512921043
Chirp,UNet,C32,0.0005,100,0.05755656585097313,0.0032695726156290175,285761,5.680624907494785
Sine,Conv1D,C32,0.0005,80,0.057950589805841446,0.003142812056667591,67233,5.423261552983873
Chirp,Conv1D,C64,0.0005,80,0.05928333227833112,0.0022053794802863996,204033,3.7200666621307588
Sine,Conv1D,C128,0.0001,100,0.05937518303593,0.0015920307590370686,698817,2.6813066968967068
Chirp,UNet,C32,0.0005,80,0.05961846187710762,0.0048418441025888485,285761,8.12138379646461
Chirp,UNet,C64,0.0001,80,0.06039240211248398,0.0036213704700095986,1071169,5.996400777807461
Chirp,Conv1D,C64,0.0005,100,0.06097827106714249,0.002954448945663782,204033,4.84508480473425
Chirp,UNet,C64,0.0001,100,0.06212210531036059,0.0038819894246497565,1071169,6.248966298317528
Chirp,Conv1D,C256,0.0001,80,0.0636887860794862,0.0033041238017792857,2573121,5.187920833748667
Chirp,Conv1D,C256,0.0001,100,0.06669525429606438,0.005514558111746174,2573121,8.268291604777017
Sine,Conv1D,C64,0.0001,80,0.06775577117999394,0.0008590445724771876,204033,1.2678544683597894
Chirp,Conv1D,C32,0.001,100,0.06894856194655101,0.004720962753435929,67233,6.847079359096167
Chirp,Conv1D,C32,0.001,80,0.06904054184754689,0.0067320233784327966,67233,9.750826396030082
Sine,Conv1D,C64,0.0001,100,0.06980668256680171,0.0050297382478460715,204033,7.205238901064878
Chirp,Conv1D,C128,0.0001,80,0.07078087081511815,0.0028630678066795525,698817,4.044973979139047
Chirp,Conv1D,C128,0.0001,100,0.07213363299767177,0.004268981178372542,698817,5.918156345335235
Chirp,Conv1D,C32,0.0005,80,0.07440559317668279,0.0028430239319348328,67233,3.8209814753896474
Chirp,UNet,C32,0.0001,80,0.0761120468378067,0.0008645008552058685,285761,1.1358265755854695
Chirp,Conv1D,C32,0.0005,100,0.07806209474802017,0.0035532117982665003,67233,4.551776133776653
Chirp,UNet,C32,0.0001,100,0.07817685852448146,0.0033869230789957336,285761,4.332385750618391
Sine,Conv1D,C32,0.0001,100,0.07885228842496872,0.0011165721225487714,67233,1.4160300795978
Sine,Conv1D,C32,0.0001,80,0.08003872632980347,0.0022250642384937314,67233,2.779984565627951
Chirp,Conv1D,C64,0.0001,80,0.08337481319904327,0.002217567255890381,204033,2.6597567908144084
Chirp,Conv1D,C64,0.0001,100,0.08496218174695969,0.0029843014228491957,204033,3.512505636610476
Chirp,Conv1D,C32,0.0001,100,0.104140209654967,0.0021582545313978373,67233,2.0724507263318137
Chirp,Conv1D,C32,0.0001,80,0.10627186298370361,0.003702083602900799,67233,3.483597161996209
Hard,UNet,C256,0.0005,100,0.22352958718935648,0.00815805782750941,16363585,3.6496545849201394
Hard,UNet,C128,0.0005,100,0.223595862587293,0.007884106760509537,4153409,3.5260521680858656
Hard,UNet,C128,0.001,100,0.22530287007490793,0.007359657268466406,4153409,3.2665617024849674
Hard,UNet,C256,0.0001,100,0.22606463233629862,0.006973567868453939,16363585,3.084767305873795
Hard,UNet,C64,0.001,100,0.22663313150405884,0.006890855583970532,1071169,3.0405331904647497
Hard,UNet,C256,0.001,100,0.22726747890313467,0.00856230766321246,16363585,3.767502374091044
Hard,UNet,C256,0.0005,80,0.2275278220574061,0.008103013802808806,16363585,3.5613287770866044
Hard,UNet,C64,0.0005,100,0.22849697371323904,0.006586886066002208,1071169,2.8827016651295656
Hard,UNet,C128,0.0005,80,0.22857947647571564,0.007050772235560074,4153409,3.084604245433711
Hard,UNet,C128,0.001,80,0.23059419790903726,0.0065518430345726545,4153409,2.841287028894442
Hard,UNet,C64,0.001,80,0.23175015548865,0.007287545184926994,1071169,3.1445697067866276
Hard,UNet,C256,0.0001,80,0.2323372463385264,0.007840942979011322,16363585,3.3748110139803824
Hard,UNet,C256,0.001,80,0.23413281639417013,0.009430029960405012,16363585,4.027641278841174
Hard,UNet,C64,0.0005,80,0.23454766472180685,0.008719502874978562,1071169,3.7175824731918015
Hard,UNet,C128,0.0001,100,0.2356614222129186,0.007377542366490851,4153409,3.1305685492406505
Hard,UNet,C32,0.001,100,0.23727541168530783,0.005845395879108234,285761,2.463548935639749
Hard,UNet,C128,0.0001,80,0.24164519210656485,0.007496228171560055,4153409,3.102163178257749
Hard,UNet,C32,0.0005,100,0.24229695896307626,0.00554106815240777,285761,2.2868913320749416
Hard,UNet,C32,0.001,80,0.2430549611647924,0.007549184983211708,285761,3.1059579886926585
Hard,Conv1D,C128,0.001,100,0.24308885633945465,0.008564949710855963,698817,3.5233822890242563
Hard,Conv1D,C128,0.0005,100,0.24460033078988394,0.008834898887462432,698817,3.6119734012345917
Hard,Conv1D,C256,0.0005,100,0.2457908888657888,0.0047743623553827205,2573121,1.942448874901016
Hard,Conv1D,C256,0.001,100,0.2474906345208486,0.005584162873484727,2573121,2.2563128032282442
Hard,Conv1D,C128,0.001,80,0.24855234722296396,0.01067579153541195,698817,4.295188379707888
Hard,UNet,C32,0.0005,80,0.2509832779566447,0.008454570919743642,285761,3.3685793685442658
Hard,Conv1D,C64,0.001,100,0.25105198721090954,0.007758937634992466,204033,3.0905700931473445
Hard,Conv1D,C128,0.0005,80,0.25183741251627606,0.011976224512692783,698817,4.755538262973047
Hard,UNet,C64,0.0001,100,0.25190529227256775,0.007517516048771825,1071169,2.984262847736318
Hard,Conv1D,C256,0.0005,80,0.25214991470177966,0.008356965949655654,2573121,3.314284662574455
Hard,Conv1D,C256,0.001,80,0.255141943693161,0.009392553118469206,2573121,3.681304995373432
Hard,Conv1D,C64,0.001,80,0.2587313751379649,0.009242915633611942,204033,3.572398449427823
Hard,Conv1D,C64,0.0005,100,0.25952476263046265,0.0065274420212557815,204033,2.515151908856654
Hard,UNet,C64,0.0001,80,0.2597094674905141,0.007898783572657745,1071169,3.0413922330137035
Hard,Conv1D,C256,0.0001,100,0.26120297114054364,0.006028799621110665,2573121,2.308089986413972
Hard,Conv1D,C64,0.0005,80,0.26649661858876544,0.01027161841929029,204033,3.8543147277754257
Hard,Conv1D,C256,0.0001,80,0.2697138289610545,0.01016433669311106,2573121,3.7685634185923576
Hard,Conv1D,C32,0.001,100,0.27176667253176373,0.00816090536675511,67233,3.0029088153924666
Hard,Conv1D,C128,0.0001,100,0.2754684587319692,0.008055002821572423,698817,2.924110752516295
Hard,Conv1D,C32,0.001,80,0.27983924746513367,0.010204198058701309,67233,3.6464499355018782
Hard,Conv1D,C32,0.0005,100,0.28285648425420123,0.006853387636566297,67233,2.422920462522331
Hard,UNet,C32,0.0001,100,0.2828907370567322,0.006893918360737619,285761,2.436954434232706
Hard,Conv1D,C128,0.0001,80,0.2839578290780385,0.013548459663830852,698817,4.7712928739525635
Hard,UNet,C32,0.0001,80,0.292378693819046,0.010277168164432759,285761,3.515019521495409
Hard,Conv1D,C32,0.0005,80,0.2934356927871704,0.012058064223314072,67233,4.1092697717792
Hard,Conv1D,C64,0.0001,100,0.3043064872423808,0.0055302535169606416,204033,1.8173301420800085
Hard,Conv1D,C64,0.0001,80,0.315984050432841,0.012654110326472264,204033,4.004667422022859
Hard,Conv1D,C32,0.0001,100,0.3215118447939555,0.004138109946831352,67233,1.2870785365569677
Hard,Conv1D,C32,0.0001,80,0.33461738626162213,0.009159026946109953,67233,2.73716409312603
Chirp,MLP,C256,0.001,100,0.380372812350591,0.009999472894254544,169152,2.6288610987890464
Chirp,MLP,C256,0.001,80,0.39350825548171997,0.008350718688215977,169152,2.1221203295959574
Sine,MLP,C256,0.0005,80,0.3979945083459218,0.009050302265133843,169152,2.273976669363403
Sine,MLP,C256,0.0005,100,0.39866215984026593,0.0075698354354066435,169152,1.8988096182591518
Sine,MLP,C256,0.001,80,0.3995660940806071,0.00766202067565415,169152,1.917585297942833
Sine,MLP,C256,0.001,100,0.4018096725145976,0.008236692157793648,169152,2.049898925092305
Chirp,MLP,C256,0.0005,100,0.4021596411863963,0.010944132879284264,169152,2.721340422673539
Chirp,MLP,C256,0.0005,80,0.4084476828575134,0.012985426632583025,169152,3.179214175420596
Chirp,MLP,C256,0.0001,100,0.4126573105653127,0.011454913849724947,169152,2.7758902014924898
Sine,MLP,C256,0.0001,100,0.41340864698092145,0.008253022825224261,169152,1.9963353174867513
Hard,MLP,C256,0.001,100,0.41911699374516803,0.012225873773929275,169152,2.917055131714097
Hard,MLP,C256,0.0001,100,0.41920602321624756,0.012116405930794653,169152,2.890322481016548
Sine,MLP,C256,0.0001,80,0.41933077573776245,0.013701484757339729,169152,3.267464624611347
Chirp,MLP,C256,0.0001,80,0.42074912786483765,0.01786488896127202,169152,4.2459717152428595
Hard,MLP,C256,0.0005,100,0.422990620136261,0.012163563638238756,169152,2.8756107249660574
Sine,MLP,C128,0.0005,100,0.42460962136586505,0.008218888289144135,70336,1.9356340213643737
Sine,MLP,C128,0.0005,80,0.42605358362197876,0.011088378034836099,70336,2.602578281485457
Sine,MLP,C128,0.001,100,0.4284496506055196,0.00819859770044647,70336,1.913549862594018
Chirp,MLP,C128,0.001,100,0.4296046396096547,0.011937820697356914,70336,2.7787923119740507
Chirp,MLP,C128,0.0005,100,0.42979946732521057,0.01273714035528619,70336,2.963507710829374
Sine,MLP,C128,0.001,80,0.42982155084609985,0.011238441143040697,70336,2.6146760489133056
Hard,MLP,C256,0.001,80,0.4351147611935933,0.018122597197634167,169152,4.165015488769174
Chirp,MLP,C128,0.001,80,0.435821533203125,0.013658604951948391,70336,3.1339903862855887
Hard,MLP,C128,0.001,100,0.43670990069707233,0.012317058228197071,70336,2.820421109880196
Chirp,MLP,C128,0.0005,80,0.4367387493451436,0.015008401222868058,70336,3.4364711730690276
Hard,MLP,C128,0.0005,100,0.43749093015988666,0.01253442840066738,70336,2.8650716018470397
Hard,MLP,C256,0.0001,80,0.43797747294108075,0.019968011640252675,169152,4.55914125129876
Hard,MLP,C256,0.0005,80,0.4410833915074666,0.017736860816696308,169152,4.021203508950543
Hard,MLP,C128,0.001,80,0.45478389660517377,0.01766850309384345,70336,3.8850326992080326
Hard,MLP,C128,0.0005,80,0.4552278518676758,0.01743213874434098,70336,3.8293216622888226
Chirp,MLP,C128,0.0001,100,0.5474983851114908,0.01085835602136564,70336,1.9832672235470572
Sine,MLP,C128,0.0001,100,0.5629787842432658,0.006685306671110487,70336,1.1874882070550166
Chirp,MLP,C128,0.0001,80,0.5646320382754008,0.01715543702556418,70336,3.0383392833965557
Hard,MLP,C128,0.0001,100,0.566434641679128,0.01001400424048765,70336,1.7679010963740367
Sine,MLP,C128,0.0001,80,0.5812884171803793,0.012834015647425163,70336,2.2078567657821826
Hard,MLP,C128,0.0001,80,0.5886718432108561,0.01893376189953755,70336,3.216352560072365
Sine,MLP,C64,0.001,100,0.6074312527974447,0.00968030352944963,33216,1.5936459450955585
Sine,MLP,C64,0.001,80,0.6075085202852885,0.011056510587769394,33216,1.8199762173832907
Chirp,MLP,C64,0.001,100,0.607828160127004,0.010507862786535399,33216,1.7287555062173838
Chirp,MLP,C64,0.001,80,0.609364648660024,0.008982530535806211,33216,1.4740813330012739
Chirp,MLP,C64,0.0005,100,0.6132846077283224,0.011548615974572457,33216,1.883076116543977
Sine,MLP,C64,0.0005,100,0.6143861810366312,0.010048177745576327,33216,1.6354823815572164
Chirp,MLP,C64,0.0005,80,0.6164560317993164,0.010746751197840245,33216,1.7433118735934092
Sine,MLP,C64,0.0005,80,0.6179462869962057,0.012264985459370365,33216,1.984797986082191
Hard,MLP,C64,0.001,100,0.6478760441144308,0.007182561255289537,33216,1.10863201696356
Hard,MLP,C64,0.001,80,0.6529253919919332,0.01126251064882216,33216,1.7249307174993904
Hard,MLP,C64,0.0005,100,0.6610037883122762,0.008758870055766572,33216,1.3250862114013546
Hard,MLP,C64,0.0005,80,0.6665664712587992,0.013178489657555444,33216,1.9770705887243465
Chirp,MLP,C64,0.0001,100,0.743634303410848,0.008127715439266757,33216,1.092972096901278
Sine,MLP,C64,0.0001,100,0.7534128824869791,0.008896080534144719,33216,1.1807709611732669
Chirp,MLP,C64,0.0001,80,0.7538734078407288,0.009814592353267098,33216,1.3018886528148546
Hard,MLP,C64,0.0001,100,0.7566582957903544,0.009421891799692399,33216,1.2451977136986152
Sine,MLP,C64,0.0001,80,0.764498213926951,0.011895091631123837,33216,1.5559345220733807
Hard,MLP,C64,0.0001,80,0.769651194413503,0.012159820660249645,33216,1.5799131799588497
Sine,MLP,C32,0.001,80,0.8033565481503805,0.006627786818456243,17728,0.825011862256656
Sine,MLP,C32,0.001,100,0.8035272161165873,0.005506154743207073,17728,0.6852480703538685
Sine,MLP,C32,0.0005,100,0.8040694991747538,0.0055233790479763765,17728,0.6869280645075114
Sine,MLP,C32,0.0005,80,0.8049093087514242,0.006353074560484864,17728,0.7892907301991272
Chirp,MLP,C32,0.001,100,0.808485766251882,0.0036164129049538556,17728,0.4473069354973864
Chirp,MLP,C32,0.001,80,0.8090649843215942,0.00475324518244099,17728,0.5874985661907756
Chirp,MLP,C32,0.0005,100,0.8100422422091166,0.0034879939082809353,17728,0.43059407602850563
Chirp,MLP,C32,0.0005,80,0.8109776775042216,0.004710856182514572,17728,0.5808860481847294
Hard,MLP,C32,0.001,100,0.8163268367449442,0.006220904871446594,17728,0.7620605609699285
Hard,MLP,C32,0.001,80,0.8183042605717977,0.008238238886453511,17728,1.0067452026581123
Hard,MLP,C32,0.0005,100,0.8255031108856201,0.004546851731716118,17728,0.5507976495495145
Hard,MLP,C32,0.0005,80,0.828320304552714,0.007735849055434492,17728,0.9339200081074658
Chirp,MLP,C32,0.0001,100,0.8626460035641988,0.00425031418929167,17728,0.4927066458003196
Sine,MLP,C32,0.0001,100,0.8655427893002828,0.005016521066383883,17728,0.5795809437034661
Chirp,MLP,C32,0.0001,80,0.8679706652959188,0.007031191618075564,17728,0.8100724942908535
Hard,MLP,C32,0.0001,100,0.8700256943702698,0.004509808355334386,17728,0.5183534675488652
Sine,MLP,C32,0.0001,80,0.8718759218851725,0.006736374171338278,17728,0.772629912381669
Hard,MLP,C32,0.0001,80,0.8773605227470398,0.008211683133278254,17728,0.9359531139567631
